station_id,check_id,longitude,latitude,elevation_m,center
BK.AASB.00.HNE,BKAASB,-121.10975,38.43026,67.1,BOTH
BK.AASB.00.HNN,BKAASB,-121.10975,38.43026,67.1,BOTH
BK.AASB.00.HNZ,BKAASB,-121.10975,38.43026,67.1,BOTH
BK.ADAM.00.HNE,BKADAM,-122.33414,38.75142,627.3,BOTH
BK.ADAM.00.HNN,BKADAM,-122.33414,38.75142,627.3,BOTH
BK.ADAM.00.HNZ,BKADAM,-122.33414,38.75142,627.3,BOTH
BK.ALVW.00.HNE,BKALVW,-120.47143,37.04906,41.8,BOTH
BK.ALVW.00.HNN,BKALVW,-120.47143,37.04906,41.8,BOTH
BK.ALVW.00.HNZ,BKALVW,-120.47143,37.04906,41.8,BOTH
BK.AONC.00.HNE,BKAONC,-122.0608,39.93981,70,BOTH
BK.AONC.00.HNN,BKAONC,-122.0608,39.93981,70,BOTH
BK.AONC.00.HNZ,BKAONC,-122.0608,39.93981,70,BOTH
BK.BDM.00.HNE,BKBDM,-121.86554,37.953972,219.8,BOTH
BK.BDM.00.HNN,BKBDM,-121.86554,37.953972,219.8,BOTH
BK.BDM.00.HNZ,BKBDM,-121.86554,37.953972,219.8,BOTH
BK.BIGV.00.HNE,BKBIGV,-121.22769,41.09439,1487.3,BOTH
BK.BIGV.00.HNN,BKBIGV,-121.22769,41.09439,1487.3,BOTH
BK.BIGV.00.HNZ,BKBIGV,-121.22769,41.09439,1487.3,BOTH
BK.BJES.00.HNE,BKBJES,-123.87996,40.54362,1050.7,BOTH
BK.BJES.00.HNN,BKBJES,-123.87996,40.54362,1050.7,BOTH
BK.BJES.00.HNZ,BKBJES,-123.87996,40.54362,1050.7,BOTH
BK.BKS.00.HNE,BKBKS,-122.23558,37.876221,243.9,BOTH
BK.BKS.00.HNN,BKBKS,-122.23558,37.876221,243.9,BOTH
BK.BKS.00.HNZ,BKBKS,-122.23558,37.876221,243.9,BOTH
BK.BL67.00.HNN,BKBL67,-122.243179,37.87492,736.2,BOTH
BK.BL67.00.HNZ,BKBL67,-122.243179,37.87492,736.2,BOTH
BK.BL88.00.HNE,BKBL88,-122.254288,37.877151,602.2,BOTH
BK.BL88.00.HNN,BKBL88,-122.254288,37.877151,602.2,BOTH
BK.BL88.00.HNZ,BKBL88,-122.254288,37.877151,602.2,BOTH
BK.BLAS.00.HNE,BKBLAS,-123.53248,40.3227,1679.3,BOTH
BK.BLUE.00.HNN,BKBLUE,-120.36462,38.34234,1840.5,BOTH
BK.BLUE.00.HNZ,BKBLUE,-120.36462,38.34234,1840.5,BOTH
BK.BONV.00.HNE,BKBONV,-123.34856,38.98742,196.9,BOTH
BK.BONV.00.HNN,BKBONV,-123.34856,38.98742,196.9,BOTH
BK.BONV.00.HNZ,BKBONV,-123.34856,38.98742,196.9,BOTH
BK.BRAD.00.HNE,BKBRAD,-120.76114,35.92625,470,BOTH
BK.BRIB.00.HNE,BKBRIB,-122.151787,37.918869,219.7,BOTH
BK.BRIB.00.HNN,BKBRIB,-122.151787,37.918869,219.7,BOTH
BK.BRIB.00.HNZ,BKBRIB,-122.151787,37.918869,219.7,BOTH
BK.BRIC.00.HNE,BKBRIC,-123.8965,40.11223,180.5,BOTH
BK.BRIC.00.HNN,BKBRIC,-123.8965,40.11223,180.5,BOTH
BK.BRIC.00.HNZ,BKBRIC,-123.8965,40.11223,180.5,BOTH
BK.BRIT.00.HNE,BKBRIT,-121.6497,41.03541,843.5,BOTH
BK.BRIT.00.HNN,BKBRIT,-121.6497,41.03541,843.5,BOTH
BK.BRIT.00.HNZ,BKBRIT,-121.6497,41.03541,843.5,BOTH
BK.BRK.00.HNE,BKBRK,-122.260986,37.87352,49.4,BOTH
BK.BRK.00.HNN,BKBRK,-122.260986,37.87352,49.4,BOTH
BK.BRK.00.HNZ,BKBRK,-122.260986,37.87352,49.4,BOTH
BK.BUCI.00.HNE,BKBUCI,-122.57818,38.13688,181.2,BOTH
BK.BUCI.00.HNN,BKBUCI,-122.57818,38.13688,181.2,BOTH
BK.BUCI.00.HNZ,BKBUCI,-122.57818,38.13688,181.2,BOTH
BK.BUCR.00.HNE,BKBUCR,-120.1496,37.6733,1034.01,BOTH
BK.BUCR.00.HNN,BKBUCR,-120.1496,37.6733,1034.01,BOTH
BK.CGRV.00.HNN,BKCGRV,-118.66033,36.79147,1449,BOTH
BK.CGRV.00.HNZ,BKCGRV,-118.66033,36.79147,1449,BOTH
BK.CLRV.00.HNE,BKCLRV,-121.11134,41.79816,1377.2,BOTH
BK.CLRV.00.HNN,BKCLRV,-121.11134,41.79816,1377.2,BOTH
BK.CLRV.00.HNZ,BKCLRV,-121.11134,41.79816,1377.2,BOTH
BK.CMB.00.HNE,BKCMB,-120.386513,38.03455,697,BOTH
BK.CMB.00.HNN,BKCMB,-120.386513,38.03455,697,BOTH
BK.CMB.00.HNZ,BKCMB,-120.386513,38.03455,697,BOTH
BK.CMSB.00.HNE,BKCMSB,-122.25168,37.87195,94.7,BOTH
BK.CMSB.00.HNN,BKCMSB,-122.25168,37.87195,94.7,BOTH
BK.CMSB.00.HNZ,BKCMSB,-122.25168,37.87195,94.7,BOTH
BK.CVS.00.HNE,BKCVS,-122.458397,38.345261,295.1,BOTH
BK.CVS.00.HNN,BKCVS,-122.458397,38.345261,295.1,BOTH
BK.CVS.00.HNZ,BKCVS,-122.458397,38.345261,295.1,BOTH
BK.DANT.00.HNE,BKDANT,-121.802101,40.294601,967,BOTH
BK.DANT.00.HNN,BKDANT,-121.802101,40.294601,967,BOTH
BK.DANT.00.HNZ,BKDANT,-121.802101,40.294601,967,BOTH
BK.DCMP.00.HNE,BKDCMP,-123.337498,39.46897,450,BOTH
BK.DCMP.00.HNN,BKDCMP,-123.337498,39.46897,450,BOTH
BK.DCMP.00.HNZ,BKDCMP,-123.337498,39.46897,450,BOTH
BK.DIAZ.00.HNE,BKDIAZ,-120.74563,41.00383,1984,BOTH
BK.DIAZ.00.HNN,BKDIAZ,-120.74563,41.00383,1984,BOTH
BK.DIAZ.00.HNZ,BKDIAZ,-120.74563,41.00383,1984,BOTH
BK.DLIK.00.HNE,BKDLIK,-122.89424,40.45543,1293,BOTH
BK.DLIK.00.HNN,BKDLIK,-122.89424,40.45543,1293,BOTH
BK.DLIK.00.HNZ,BKDLIK,-122.89424,40.45543,1293,BOTH
BK.DMOR.00.HNE,BKDMOR,-123.70331,40.70973,1305,BOTH
BK.DMOR.00.HNN,BKDMOR,-123.70331,40.70973,1305,BOTH
BK.DMOR.00.HNZ,BKDMOR,-123.70331,40.70973,1305,BOTH
BK.DRDG.00.HNE,BKDRDG,-119.96892,38.16819,2136.7,BOTH
BK.DRDG.00.HNN,BKDRDG,-119.96892,38.16819,2136.7,BOTH
BK.DRDG.00.HNZ,BKDRDG,-119.96892,38.16819,2136.7,BOTH
BK.DRYC.00.HNE,BKDRYC,-120.34886,41.51694,1718.2,BOTH
BK.EAGL.00.HNN,BKEAGL,-120.72893,40.62486,1564.7,BOTH
BK.EAGL.00.HNZ,BKEAGL,-120.72893,40.62486,1564.7,BOTH
BK.FARB.00.HNE,BKFARB,-123.001099,37.697819,-18.5,BOTH
BK.FARB.00.HNN,BKFARB,-123.001099,37.697819,-18.5,BOTH
BK.FARB.00.HNZ,BKFARB,-123.001099,37.697819,-18.5,BOTH
BK.FORD.00.HNE,BKFORD,-121.78054,36.6879,34.4,BOTH
BK.FORD.00.HNN,BKFORD,-121.78054,36.6879,34.4,BOTH
BK.FORD.00.HNZ,BKFORD,-121.78054,36.6879,34.4,BOTH
BK.GALB.00.HNE,BKGALB,-123.25636,38.86192,494.8,BOTH
BK.GALB.00.HNN,BKGALB,-123.25636,38.86192,494.8,BOTH
BK.GALB.00.HNZ,BKGALB,-123.25636,38.86192,494.8,BOTH
BK.GASB.00.HNE,BKGASB,-122.71595,39.654709,1354.8,BOTH
BK.GASB.00.HNN,BKGASB,-122.71595,39.654709,1354.8,BOTH
BK.GASB.00.HNZ,BKGASB,-122.71595,39.654709,1354.8,BOTH
BK.GHOP.00.HNN,BKGHOP,-123.97797,40.30643,1028.9,BOTH
BK.GHOP.00.HNZ,BKGHOP,-123.97797,40.30643,1028.9,BOTH
BK.GRPK.00.HNE,BKGRPK,-121.99428,41.12162,1497.2,BOTH
BK.GRPK.00.HNN,BKGRPK,-121.99428,41.12162,1497.2,BOTH
BK.GRPK.00.HNZ,BKGRPK,-121.99428,41.12162,1497.2,BOTH
BK.GTSB.00.HNE,BKGTSB,-122.60355,39.31166,1102.4,BOTH
BK.GTSB.00.HNN,BKGTSB,-122.60355,39.31166,1102.4,BOTH
BK.GTSB.00.HNZ,BKGTSB,-122.60355,39.31166,1102.4,BOTH
BK.GUMB.00.HNE,BKGUMB,-122.5094,41.21297,1849.8,BOTH
BK.GUMB.00.HNN,BKGUMB,-122.5094,41.21297,1849.8,BOTH
BK.GUMB.00.HNZ,BKGUMB,-122.5094,41.21297,1849.8,BOTH
BK.HALS.00.HNE,BKHALS,-123.72703,39.81357,582,BOTH
BK.HALS.00.HNN,BKHALS,-123.72703,39.81357,582,BOTH
BK.HALS.00.HNZ,BKHALS,-123.72703,39.81357,582,BOTH
BK.HAPY.00.HNE,BKHAPY,-121.110674,41.417678,1854.2,BOTH
BK.HAPY.00.HNN,BKHAPY,-121.110674,41.417678,1854.2,BOTH
BK.HAPY.00.HNZ,BKHAPY,-121.110674,41.417678,1854.2,BOTH
BK.HAS2.00.HNE,BKHAS2,-121.56139,36.38546,603.8,BOTH
BK.HAS2.00.HNN,BKHAS2,-121.56139,36.38546,603.8,BOTH
BK.HAS2.00.HNZ,BKHAS2,-121.56139,36.38546,603.8,BOTH
BK.HAST.00.HNE,BKHAST,-121.551399,36.388699,539.5,BOTH
BK.HAST.00.HNN,BKHAST,-121.551399,36.388699,539.5,BOTH
BK.HAST.00.HNZ,BKHAST,-121.551399,36.388699,539.5,BOTH
BK.HATC.00.HNE,BKHATC,-121.461166,40.816101,1008.6,BOTH
BK.HATC.00.HNN,BKHATC,-121.461166,40.816101,1008.6,BOTH
BK.HATC.00.HNZ,BKHATC,-121.461166,40.816101,1008.6,BOTH
BK.HAYF.00.HNE,BKHAYF,-123.23198,40.5227,776.6,BOTH
BK.HAYF.00.HNN,BKHAYF,-123.23198,40.5227,776.6,BOTH
BK.HAYF.00.HNZ,BKHAYF,-123.23198,40.5227,776.6,BOTH
BK.HELL.00.HNE,BKHELL,-119.02282,36.680111,1137.5,BOTH
BK.HELL.00.HNN,BKHELL,-119.02282,36.680111,1137.5,BOTH
BK.HELL.00.HNZ,BKHELL,-119.02282,36.680111,1137.5,BOTH
BK.HOPS.00.HNE,BKHOPS,-123.072342,38.993488,299.1,BOTH
BK.HOPS.00.HNN,BKHOPS,-123.072342,38.993488,299.1,BOTH
BK.HOPS.00.HNZ,BKHOPS,-123.072342,38.993488,299.1,BOTH
BK.HUMO.00.HNE,BKHUMO,-122.956688,42.607101,554.9,BOTH
BK.HUMO.00.HNN,BKHUMO,-122.956688,42.607101,554.9,BOTH
BK.HUMO.00.HNZ,BKHUMO,-122.956688,42.607101,554.9,BOTH
BK.HUNT.00.HNE,BKHUNT,-123.14557,40.18942,1540,BOTH
BK.HUNT.00.HNN,BKHUNT,-123.14557,40.18942,1540,BOTH
BK.HUNT.00.HNZ,BKHUNT,-123.14557,40.18942,1540,BOTH
BK.INGL.00.HNE,BKINGL,-123.69844,39.52898,290.5,BOTH
BK.INGL.00.HNN,BKINGL,-123.69844,39.52898,290.5,BOTH
BK.INGL.00.HNZ,BKINGL,-123.69844,39.52898,290.5,BOTH
BK.JCC.00.HNE,BKJCC,-124.029549,40.817451,27.25,BOTH
BK.JCC.00.HNN,BKJCC,-124.029549,40.817451,27.25,BOTH
BK.JEPS.00.HNN,BKJEPS,-121.82518,38.25789,2.6,BOTH
BK.JRSC.00.HNE,BKJRSC,-122.238678,37.403728,70.5,BOTH
BK.JRSC.00.HNN,BKJRSC,-122.238678,37.403728,70.5,BOTH
BK.JRSC.00.HNZ,BKJRSC,-122.238678,37.403728,70.5,BOTH
BK.KARE.00.HNE,BKKARE,-119.50381,36.59736,101,BOTH
BK.KARE.00.HNN,BKKARE,-119.50381,36.59736,101,BOTH
BK.KARE.00.HNZ,BKKARE,-119.50381,36.59736,101,BOTH
BK.KCC.00.HNE,BKKCC,-119.318703,37.323631,888.09998,BOTH
BK.KCC.00.HNN,BKKCC,-119.318703,37.323631,888.09998,BOTH
BK.KCC.00.HNZ,BKKCC,-119.318703,37.323631,888.09998,BOTH
BK.KETL.00.HNE,BKKETL,-120.14935,36.05749,376.31,BOTH
BK.KETL.00.HNN,BKKETL,-120.14935,36.05749,376.31,BOTH
BK.KETL.00.HNZ,BKKETL,-120.14935,36.05749,376.31,BOTH
BK.KNEE.00.HNE,BKKNEE,-123.90112,40.71519,892.2,BOTH
BK.KNEE.00.HNN,BKKNEE,-123.90112,40.71519,892.2,BOTH
BK.KNEE.00.HNZ,BKKNEE,-123.90112,40.71519,892.2,BOTH
BK.LCOW.00.HNE,BKLCOW,-122.18524,40.64261,236.2,BOTH
BK.LCOW.00.HNN,BKLCOW,-122.18524,40.64261,236.2,BOTH
BK.LCOW.00.HNZ,BKLCOW,-122.18524,40.64261,236.2,BOTH
BK.LCUV.00.HNE,BKLCUV,-120.73221,35.65196,408.6,BOTH
BK.LCUV.00.HNN,BKLCUV,-120.73221,35.65196,408.6,BOTH
BK.LCUV.00.HNZ,BKLCUV,-120.73221,35.65196,408.6,BOTH
BK.LEGD.00.HNE,BKLEGD,-120.14916,37.21426,89.6652,BOTH
BK.LEGD.00.HNN,BKLEGD,-120.14916,37.21426,89.6652,BOTH
BK.LGMB.00.HNE,BKLGMB,-121.83623,41.59944,1623.1,BOTH
BK.LGMB.00.HNN,BKLGMB,-121.83623,41.59944,1623.1,BOTH
BK.LGMB.00.HNZ,BKLGMB,-121.83623,41.59944,1623.1,BOTH
BK.LIND.00.HNE,BKLIND,-119.05668,36.35307,154.8,BOTH
BK.LIND.00.HNN,BKLIND,-119.05668,36.35307,154.8,BOTH
BK.LIND.00.HNZ,BKLIND,-119.05668,36.35307,154.8,BOTH
BK.LITV.00.HNE,BKLITV,-121.11247,40.83679,1561.6,BOTH
BK.LITV.00.HNN,BKLITV,-121.11247,40.83679,1561.6,BOTH
BK.LITV.00.HNZ,BKLITV,-121.11247,40.83679,1561.6,BOTH
BK.LLNL.00.HNE,BKLLNL,-121.71675,37.68188,185,BOTH
BK.LLNL.00.HNN,BKLLNL,-121.71675,37.68188,185,BOTH
BK.LLNL.00.HNZ,BKLLNL,-121.71675,37.68188,185,BOTH
BK.MCCM.00.HNE,BKMCCM,-122.88018,38.144779,-7.7,BOTH
BK.MCCM.00.HNN,BKMCCM,-122.88018,38.144779,-7.7,BOTH
BK.MCCM.00.HNZ,BKMCCM,-122.88018,38.144779,-7.7,BOTH
BK.MHC.00.HNE,BKMHC,-121.64257,37.34164,1250.4,BOTH
BK.MHC.00.HNN,BKMHC,-121.64257,37.34164,1250.4,BOTH
BK.MHC.00.HNZ,BKMHC,-121.64257,37.34164,1250.4,BOTH
BK.MILL.00.HNE,BKMILL,-124.04106,41.70532,560.5,BOTH
BK.MILL.00.HNN,BKMILL,-124.04106,41.70532,560.5,BOTH
BK.MILL.00.HNZ,BKMILL,-124.04106,41.70532,560.5,BOTH
BK.MLKN.00.HNE,BKMLKN,-122.2381,38.38294,356.4,BOTH
BK.MLKN.00.HNN,BKMLKN,-122.2381,38.38294,356.4,BOTH
BK.MLKN.00.HNZ,BKMLKN,-122.2381,38.38294,356.4,BOTH
BK.MNRC.00.HNN,BKMNRC,-122.442772,38.878738,709.9,BOTH
BK.MNRC.00.HNZ,BKMNRC,-122.442772,38.878738,709.9,BOTH
BK.MOD.00.HNE,BKMOD,-120.302948,41.902458,1554.5,BOTH
BK.MOD.00.HNN,BKMOD,-120.302948,41.902458,1554.5,BOTH
BK.MOD.00.HNZ,BKMOD,-120.302948,41.902458,1554.5,BOTH
BK.MOGU.00.HNE,BKMOGU,-122.4205,41.83072,823.5,BOTH
BK.MOGU.00.HNN,BKMOGU,-122.4205,41.83072,823.5,BOTH
BK.MOGU.00.HNZ,BKMOGU,-122.4205,41.83072,823.5,BOTH
BK.MORK.00.HNE,BKMORK,-122.361277,38.519561,136.4194,BOTH
BK.MORK.00.HNN,BKMORK,-122.361277,38.519561,136.4194,BOTH
BK.MORK.00.HNZ,BKMORK,-122.361277,38.519561,136.4194,BOTH
BK.MTOS.00.HNE,BKMTOS,-121.327797,37.504902,310,BOTH
BK.MTOS.00.HNN,BKMTOS,-121.327797,37.504902,310,BOTH
BK.MTOS.00.HNZ,BKMTOS,-121.327797,37.504902,310,BOTH
BK.MZTA.00.HNE,BKMZTA,-120.80101,41.27792,2139.8,BOTH
BK.MZTA.00.HNN,BKMZTA,-120.80101,41.27792,2139.8,BOTH
BK.OAKV.00.HNE,BKOAKV,-122.41085,38.43057,59.6,BOTH
BK.OAKV.00.HNN,BKOAKV,-122.41085,38.43057,59.6,BOTH
BK.OAKV.00.HNZ,BKOAKV,-122.41085,38.43057,59.6,BOTH
BK.ORV.00.HNE,BKORV,-121.500359,39.554508,334.70001,BOTH
BK.ORV.00.HNN,BKORV,-121.500359,39.554508,334.70001,BOTH
BK.ORV.00.HNZ,BKORV,-121.500359,39.554508,334.70001,BOTH
BK.OVRO.00.HNE,BKOVRO,-118.283,37.23066,1216,BOTH
BK.OVRO.00.HNN,BKOVRO,-118.283,37.23066,1216,BOTH
BK.OVRO.00.HNZ,BKOVRO,-118.283,37.23066,1216,BOTH
BK.PABC.00.HNE,BKPABC,-120.64003,35.15879,200.2,BOTH
BK.PABC.00.HNN,BKPABC,-120.64003,35.15879,200.2,BOTH
BK.PABC.00.HNZ,BKPABC,-120.64003,35.15879,200.2,BOTH
BK.PACP.00.HNE,BKPACP,-121.287003,37.007999,844,BOTH
BK.PACP.00.HNN,BKPACP,-121.287003,37.007999,844,BOTH
BK.PACP.00.HNZ,BKPACP,-121.287003,37.007999,844,BOTH
BK.PETL.00.HNE,BKPETL,-124.34259,40.28844,49.6,BOTH
BK.PETL.00.HNN,BKPETL,-124.34259,40.28844,49.6,BOTH
BK.PETL.00.HNZ,BKPETL,-124.34259,40.28844,49.6,BOTH
BK.PINL.00.HNE,BKPINL,-122.36602,38.01,10.7,BOTH
BK.PINL.00.HNN,BKPINL,-122.36602,38.01,10.7,BOTH
BK.PINL.00.HNZ,BKPINL,-122.36602,38.01,10.7,BOTH
BK.PIT6.00.HNE,BKPIT6,-121.94795,40.93062,822.2,BOTH
BK.PIT6.00.HNN,BKPIT6,-121.94795,40.93062,822.2,BOTH
BK.PIT6.00.HNZ,BKPIT6,-121.94795,40.93062,822.2,BOTH
BK.PKD.00.HNN,BKPKD,-120.541603,35.945171,583,BOTH
BK.PKD.00.HNZ,BKPKD,-120.541603,35.945171,583,BOTH
BK.PORC.00.HNE,BKPORC,-120.73072,41.60196,1573.7,BOTH
BK.PORC.00.HNN,BKPORC,-120.73072,41.60196,1573.7,BOTH
BK.PORC.00.HNZ,BKPORC,-120.73072,41.60196,1573.7,BOTH
BK.PORG.00.HNE,BKPORG,-119.375053,37.481716,2028.11,BOTH
BK.PORG.00.HNN,BKPORG,-119.375053,37.481716,2028.11,BOTH
BK.PORG.00.HNZ,BKPORG,-119.375053,37.481716,2028.11,BOTH
BK.PRDS.00.HNE,BKPRDS,-124.04458,40.10561,786.5,BOTH
BK.PRDS.00.HNN,BKPRDS,-124.04458,40.10561,786.5,BOTH
BK.PRDS.00.HNZ,BKPRDS,-124.04458,40.10561,786.5,BOTH
BK.PVSP.00.HNE,BKPVSP,-120.25365,36.13,176.7,BOTH
BK.PVSP.00.HNN,BKPVSP,-120.25365,36.13,176.7,BOTH
BK.PVSP.00.HNZ,BKPVSP,-120.25365,36.13,176.7,BOTH
BK.PWOD.00.HNE,BKPWOD,-122.70187,38.58075,438.1,BOTH
BK.PWOD.00.HNN,BKPWOD,-122.70187,38.58075,438.1,BOTH
BK.PWOD.00.HNZ,BKPWOD,-122.70187,38.58075,438.1,BOTH
BK.RAMR.00.HNE,BKRAMR,-120.869843,35.635971,414.3,BOTH
BK.RAMR.00.HNN,BKRAMR,-120.869843,35.635971,414.3,BOTH
BK.RAMR.00.HNZ,BKRAMR,-120.869843,35.635971,414.3,BOTH
BK.RAVE.00.HNE,BKRAVE,-120.30841,40.798,1634.5,BOTH
BK.RAVE.00.HNN,BKRAVE,-120.30841,40.798,1634.5,BOTH
BK.RAVE.00.HNZ,BKRAVE,-120.30841,40.798,1634.5,BOTH
BK.RBOW.00.HNE,BKRBOW,-124.11136,40.33467,1100,BOTH
BK.RBOW.00.HNN,BKRBOW,-124.11136,40.33467,1100,BOTH
BK.RBOW.00.HNZ,BKRBOW,-124.11136,40.33467,1100,BOTH
BK.RCAN.00.HNE,BKRCAN,-120.60504,35.75349,375.06,BOTH
BK.RCAN.00.HNN,BKRCAN,-120.60504,35.75349,375.06,BOTH
BK.RCAN.00.HNZ,BKRCAN,-120.60504,35.75349,375.06,BOTH
BK.RFSB.00.HNE,BKRFSB,-122.33607,37.91608,-26.7,BOTH
BK.RFSB.00.HNN,BKRFSB,-122.33607,37.91608,-26.7,BOTH
BK.RFSB.00.HNZ,BKRFSB,-122.33607,37.91608,-26.7,BOTH
BK.SANG.00.HNE,BKSANG,-123.64922,41.91013,1641.3,BOTH
BK.SANG.00.HNN,BKSANG,-123.64922,41.91013,1641.3,BOTH
BK.SANG.00.HNZ,BKSANG,-123.64922,41.91013,1641.3,BOTH
BK.SAO.00.HNE,BKSAO,-121.44722,36.76403,317.2,BOTH
BK.SAO.00.HNN,BKSAO,-121.44722,36.76403,317.2,BOTH
BK.SAO.00.HNZ,BKSAO,-121.44722,36.76403,317.2,BOTH
BK.SBAR.00.HNE,BKSBAR,-123.07106,41.6627,1489,BOTH
BK.SBAR.00.HNN,BKSBAR,-123.07106,41.6627,1489,BOTH
BK.SBAR.00.HNZ,BKSBAR,-123.07106,41.6627,1489,BOTH
BK.SCCB.00.HNE,BKSCCB,-121.86422,37.287441,98.4,BOTH
BK.SCCB.00.HNN,BKSCCB,-121.86422,37.287441,98.4,BOTH
BK.SCCB.00.HNZ,BKSCCB,-121.86422,37.287441,98.4,BOTH
BK.SCOT.00.HNE,BKSCOT,-122.853798,41.391998,960,BOTH
BK.SCOT.00.HNN,BKSCOT,-122.853798,41.391998,960,BOTH
BK.SCOT.00.HNZ,BKSCOT,-122.853798,41.391998,960,BOTH
BK.SCZ.00.HNE,BKSCZ,-121.403,36.598,261,BOTH
BK.SCZ.00.HNN,BKSCZ,-121.403,36.598,261,BOTH
BK.SCZ.00.HNZ,BKSCZ,-121.403,36.598,261,BOTH
BK.SHEP.00.HNE,BKSHEP,-121.839302,41.7826,1391,BOTH
BK.SHEP.00.HNN,BKSHEP,-121.839302,41.7826,1391,BOTH
BK.SHEP.00.HNZ,BKSHEP,-121.839302,41.7826,1391,BOTH
BK.SUTB.00.HNE,BKSUTB,-121.786102,39.229099,249.5,BOTH
BK.SUTB.00.HNN,BKSUTB,-121.786102,39.229099,249.5,BOTH
BK.SUTB.00.HNZ,BKSUTB,-121.786102,39.229099,249.5,BOTH
BK.TCAS.00.HNE,BKTCAS,-120.560097,35.609501,381,BOTH
BK.TCAS.00.HNN,BKTCAS,-120.560097,35.609501,381,BOTH
BK.TCAS.00.HNZ,BKTCAS,-120.560097,35.609501,381,BOTH
BK.TCHL.00.HNN,BKTCHL,-120.400917,35.688122,431,BOTH
BK.TCHL.00.HNZ,BKTCHL,-120.400917,35.688122,431,BOTH
BK.THIS.00.HNN,BKTHIS,-120.228447,35.724049,643,BOTH
BK.THIS.00.HNZ,BKTHIS,-120.228447,35.724049,643,BOTH
BK.TOLH.00.HNE,BKTOLH,-119.44162,36.94966,383.3,BOTH
BK.TOLH.00.HNN,BKTOLH,-119.44162,36.94966,383.3,BOTH
BK.TOLH.00.HNZ,BKTOLH,-119.44162,36.94966,383.3,BOTH
BK.TRAM.00.HNE,BKTRAM,-120.270927,35.67691,642,BOTH
BK.TRAM.00.HNN,BKTRAM,-120.270927,35.67691,642,BOTH
BK.TRAM.00.HNZ,BKTRAM,-120.270927,35.67691,642,BOTH
BK.TRAY.00.HNE,BKTRAY,-120.125832,35.551682,690,BOTH
BK.TRAY.00.HNN,BKTRAY,-120.125832,35.551682,690,BOTH
BK.TRAY.00.HNZ,BKTRAY,-120.125832,35.551682,690,BOTH
BK.TRIN.00.HNE,BKTRIN,-122.705,40.9741,935,BOTH
BK.TRIN.00.HNN,BKTRIN,-122.705,40.9741,935,BOTH
BK.TRIN.00.HNZ,BKTRIN,-122.705,40.9741,935,BOTH
BK.TSCN.00.HNE,BKTSCN,-120.348061,35.54398,476.5,BOTH
BK.TSCN.00.HNN,BKTSCN,-120.348061,35.54398,476.5,BOTH
BK.TSCN.00.HNZ,BKTSCN,-120.348061,35.54398,476.5,BOTH
BK.TSCS.00.HNE,BKTSCS,-120.353699,35.440701,467,BOTH
BK.TSCS.00.HNN,BKTSCS,-120.353699,35.440701,467,BOTH
BK.TSCS.00.HNZ,BKTSCS,-120.353699,35.440701,467,BOTH
BK.TULE.00.HNN,BKTULE,-121.46731,41.9647,1231.1,BOTH
BK.TULE.00.HNZ,BKTULE,-121.46731,41.9647,1231.1,BOTH
BK.TWIT.00.HNZ,BKTWIT,-121.68321,38.09712,-3,BOTH
BK.VAK.00.HNE,BKVAK,-122.248894,37.877525,256,BOTH
BK.VAK.00.HNN,BKVAK,-122.248894,37.877525,256,BOTH
BK.VAK.00.HNZ,BKVAK,-122.248894,37.877525,256,BOTH
BK.WDC.00.HNE,BKWDC,-122.54113,40.57988,268.29999,BOTH
BK.WDC.00.HNN,BKWDC,-122.54113,40.57988,268.29999,BOTH
BK.WDC.00.HNZ,BKWDC,-122.54113,40.57988,268.29999,BOTH
BK.WEAV.00.HNZ,BKWEAV,-122.98404,40.74575,1066.8,BOTH
BK.WELL.00.HNE,BKWELL,-120.7241,38.43847,563.7,BOTH
BK.WELL.00.HNN,BKWELL,-120.7241,38.43847,563.7,BOTH
BK.WELL.00.HNZ,BKWELL,-120.7241,38.43847,563.7,BOTH
BK.WENL.00.HNN,BKWENL,-121.756973,37.622108,138.9,BOTH
BK.WENL.00.HNZ,BKWENL,-121.756973,37.622108,138.9,BOTH
BK.WHMT.00.HNE,BKWHMT,-122.02018,41.5716,1847.8,BOTH
BK.WHMT.00.HNN,BKWHMT,-122.02018,41.5716,1847.8,BOTH
BK.WHMT.00.HNZ,BKWHMT,-122.02018,41.5716,1847.8,BOTH
BK.WINE.00.HNE,BKWINE,-119.907716,36.670213,73.5,BOTH
BK.WINE.00.HNN,BKWINE,-119.907716,36.670213,73.5,BOTH
BK.WINE.00.HNZ,BKWINE,-119.907716,36.670213,73.5,BOTH
BK.WROK.00.HNE,BKWROK,-120.88023,35.4453,177,BOTH
BK.WROK.00.HNN,BKWROK,-120.88023,35.4453,177,BOTH
BK.WROK.00.HNZ,BKWROK,-120.88023,35.4453,177,BOTH
BK.WSRE.00.HNE,BKWSRE,-120.11723,36.33543,88.1,BOTH
BK.WSRE.00.HNN,BKWSRE,-120.11723,36.33543,88.1,BOTH
BK.WSRE.00.HNZ,BKWSRE,-120.11723,36.33543,88.1,BOTH
BK.YBH.00.HNE,BKYBH,-122.710388,41.73204,1059.69995,BOTH
BK.YBH.00.HNN,BKYBH,-122.710388,41.73204,1059.69995,BOTH
BK.ATP.00.HNE,BKATP,-122.42708,38.34791,472.1,NCEDC
BK.ATP.00.HNN,BKATP,-122.42708,38.34791,472.1,NCEDC
BK.ATP.00.HNZ,BKATP,-122.42708,38.34791,472.1,NCEDC
BK.AUSC.00.HNE,BKAUSC,-123.008941,38.560515,482.2,NCEDC
BK.AUSC.00.HNN,BKAUSC,-123.008941,38.560515,482.2,NCEDC
BK.AUSC.00.HNZ,BKAUSC,-123.008941,38.560515,482.2,NCEDC
BK.AVSP.00.HNE,BKAVSP,-120.13313,35.96302,301.3,NCEDC
BK.AVSP.00.HNN,BKAVSP,-120.13313,35.96302,301.3,NCEDC
BK.AVSP.00.HNZ,BKAVSP,-120.13313,35.96302,301.3,NCEDC
BK.AZUL.00.HNE,BKAZUL,-120.98439,36.81113,1102.4,NCEDC
BK.AZUL.00.HNN,BKAZUL,-120.98439,36.81113,1102.4,NCEDC
BK.AZUL.00.HNZ,BKAZUL,-120.98439,36.81113,1102.4,NCEDC
BK.BAYL.00.HNE,BKBAYL,-122.05753,39.60519,37.3,NCEDC
BK.BAYL.00.HNN,BKBAYL,-122.05753,39.60519,37.3,NCEDC
BK.BAYL.00.HNZ,BKBAYL,-122.05753,39.60519,37.3,NCEDC
BK.BEVN.00.HNE,BKBEVN,-122.90317,39.33287,856.1,NCEDC
BK.BEVN.00.HNN,BKBEVN,-122.90317,39.33287,856.1,NCEDC
BK.BEVN.00.HNZ,BKBEVN,-122.90317,39.33287,856.1,NCEDC
BK.BIGM.00.HNE,BKBIGM,-123.36207,40.88648,1069.5,NCEDC
BK.BIGM.00.HNN,BKBIGM,-123.36207,40.88648,1069.5,NCEDC
BK.BIGM.00.HNZ,BKBIGM,-123.36207,40.88648,1069.5,NCEDC
BK.BKFS.00.HNE,BKBKFS,-121.062554,39.916181,1205.8,NCEDC
BK.BKFS.00.HNN,BKBKFS,-121.062554,39.916181,1205.8,NCEDC
BK.BKFS.00.HNZ,BKBKFS,-121.062554,39.916181,1205.8,NCEDC
BK.BLCR.00.HNE,BKBLCR,-123.76358,41.39385,1475.2,NCEDC
BK.BLCR.00.HNN,BKBLCR,-123.76358,41.39385,1475.2,NCEDC
BK.BLCR.00.HNZ,BKBLCR,-123.76358,41.39385,1475.2,NCEDC
BK.BOYR.00.HNE,BKBOYR,-121.79609,38.98509,11.8,NCEDC
BK.BOYR.00.HNN,BKBOYR,-121.79609,38.98509,11.8,NCEDC
BK.BOYR.00.HNZ,BKBOYR,-121.79609,38.98509,11.8,NCEDC
BK.CCOR.00.HNE,BKCCOR,-119.549318,36.068841,61.9,NCEDC
BK.CCOR.00.HNN,BKCCOR,-119.549318,36.068841,61.9,NCEDC
BK.CCOR.00.HNZ,BKCCOR,-119.549318,36.068841,61.9,NCEDC
BK.ETSL.00.HNE,BKETSL,-123.05399,39.72082,1461.7,NCEDC
BK.ETSL.00.HNN,BKETSL,-123.05399,39.72082,1461.7,NCEDC
BK.ETSL.00.HNZ,BKETSL,-123.05399,39.72082,1461.7,NCEDC
BK.GCKB.00.HNE,BKGCKB,-122.43671,39.54462,249.1,NCEDC
BK.GCKB.00.HNN,BKGCKB,-122.43671,39.54462,249.1,NCEDC
BK.GCKB.00.HNZ,BKGCKB,-122.43671,39.54462,249.1,NCEDC
BK.HRCH.00.HNE,BKHRCH,-123.24421,38.57564,375.6,NCEDC
BK.HRCH.00.HNN,BKHRCH,-123.24421,38.57564,375.6,NCEDC
BK.HRCH.00.HNZ,BKHRCH,-123.24421,38.57564,375.6,NCEDC
BK.HULL.00.HNE,BKHULL,-122.94063,39.51432,1891.6,NCEDC
BK.HULL.00.HNN,BKHULL,-122.94063,39.51432,1891.6,NCEDC
BK.HULL.00.HNZ,BKHULL,-122.94063,39.51432,1891.6,NCEDC
BK.JASP.00.HNE,BKJASP,-122.24048,37.40337,125,NCEDC
BK.JASP.00.HNN,BKJASP,-122.24048,37.40337,125,NCEDC
BK.JASP.00.HNZ,BKJASP,-122.24048,37.40337,125,NCEDC
BK.JEWT.00.HNE,BKJEWT,-123.628171,40.063044,694.1,NCEDC
BK.JEWT.00.HNN,BKJEWT,-123.628171,40.063044,694.1,NCEDC
BK.JEWT.00.HNZ,BKJEWT,-123.628171,40.063044,694.1,NCEDC
BK.KRUG.00.HNE,BKKRUG,-123.953674,40.951824,398.6,NCEDC
BK.KRUG.00.HNN,BKKRUG,-123.953674,40.951824,398.6,NCEDC
BK.KRUG.00.HNZ,BKKRUG,-123.953674,40.951824,398.6,NCEDC
BK.LAKN.00.HNE,BKLAKN,-121.55667,41.37171,1249.6,NCEDC
BK.LAKN.00.HNN,BKLAKN,-121.55667,41.37171,1249.6,NCEDC
BK.LAKN.00.HNZ,BKLAKN,-121.55667,41.37171,1249.6,NCEDC
BK.LCOS.00.HNE,BKLCOS,-122.20137,38.19243,206.2,NCEDC
BK.LCOS.00.HNN,BKLCOS,-122.20137,38.19243,206.2,NCEDC
BK.LCOS.00.HNZ,BKLCOS,-122.20137,38.19243,206.2,NCEDC
BK.LSIB.00.HNE,BKLSIB,-121.42345,40.39735,1890.8,NCEDC
BK.LSIB.00.HNN,BKLSIB,-121.42345,40.39735,1890.8,NCEDC
BK.LSIB.00.HNZ,BKLSIB,-121.42345,40.39735,1890.8,NCEDC
BK.LTIB.00.HNE,BKLTIB,-121.488893,41.175892,1183.4,NCEDC
BK.LTIB.00.HNN,BKLTIB,-121.488893,41.175892,1183.4,NCEDC
BK.LTIB.00.HNZ,BKLTIB,-121.488893,41.175892,1183.4,NCEDC
BK.MBARI.00.HNE,BKMBARI,-121.78802,36.80615,4.3,NCEDC
BK.MBARI.00.HNN,BKMBARI,-121.78802,36.80615,4.3,NCEDC
BK.MBARI.00.HNZ,BKMBARI,-121.78802,36.80615,4.3,NCEDC
BK.MKOF.00.HNE,BKMKOF,-120.93613,39.37362,1226,NCEDC
BK.MKOF.00.HNN,BKMKOF,-120.93613,39.37362,1226,NCEDC
BK.MKOF.00.HNZ,BKMKOF,-120.93613,39.37362,1226,NCEDC
BK.MNLT.00.HNE,BKMNLT,-120.84245,40.23124,1738.9,NCEDC
BK.MNLT.00.HNN,BKMNLT,-120.84245,40.23124,1738.9,NCEDC
BK.MNLT.00.HNZ,BKMNLT,-120.84245,40.23124,1738.9,NCEDC
BK.ORRS.00.HNE,BKORRS,-123.434245,39.272191,596.3,NCEDC
BK.ORRS.00.HNN,BKORRS,-123.434245,39.272191,596.3,NCEDC
BK.ORRS.00.HNZ,BKORRS,-123.434245,39.272191,596.3,NCEDC
BK.PATT.00.HNE,BKPATT,-119.05665,36.96238,2459.5,NCEDC
BK.PATT.00.HNN,BKPATT,-119.05665,36.96238,2459.5,NCEDC
BK.PATT.00.HNZ,BKPATT,-119.05665,36.96238,2459.5,NCEDC
BK.PBDB.00.HNE,BKPBDB,-121.27249,35.70889,186.4,NCEDC
BK.PBDB.00.HNN,BKPBDB,-121.27249,35.70889,186.4,NCEDC
BK.PBDB.00.HNZ,BKPBDB,-121.27249,35.70889,186.4,NCEDC
BK.PESC.00.HNE,BKPESC,-122.383,37.24611,98.8,NCEDC
BK.PESC.00.HNN,BKPESC,-122.383,37.24611,98.8,NCEDC
BK.PESC.00.HNZ,BKPESC,-122.383,37.24611,98.8,NCEDC
BK.PWAY.00.HNE,BKPWAY,-121.781449,40.244313,1004,NCEDC
BK.PWAY.00.HNN,BKPWAY,-121.781449,40.244313,1004,NCEDC
BK.PWAY.00.HNZ,BKPWAY,-121.781449,40.244313,1004,NCEDC
BK.ROMB.00.HNE,BKROMB,-122.03158,38.58891,149.1,NCEDC
BK.ROMB.00.HNN,BKROMB,-122.03158,38.58891,149.1,NCEDC
BK.ROMB.00.HNZ,BKROMB,-122.03158,38.58891,149.1,NCEDC
BK.RVRP.00.HNE,BKRVRP,-121.747376,37.867413,74.3,NCEDC
BK.RVRP.00.HNN,BKRVRP,-121.747376,37.867413,74.3,NCEDC
BK.RVRP.00.HNZ,BKRVRP,-121.747376,37.867413,74.3,NCEDC
BK.SEIA.00.HNE,BKSEIA,-123.14708,41.85032,866.3,NCEDC
BK.SEIA.00.HNN,BKSEIA,-123.14708,41.85032,866.3,NCEDC
BK.SEIA.00.HNZ,BKSEIA,-123.14708,41.85032,866.3,NCEDC
BK.SNCR.00.HNE,BKSNCR,-122.247288,38.950076,284.5,NCEDC
BK.SNCR.00.HNN,BKSNCR,-122.247288,38.950076,284.5,NCEDC
BK.SNCR.00.HNZ,BKSNCR,-122.247288,38.950076,284.5,NCEDC
BK.SPAN.00.HNE,BKSPAN,-123.65702,38.97599,182.9,NCEDC
BK.SPAN.00.HNN,BKSPAN,-123.65702,38.97599,182.9,NCEDC
BK.SPAN.00.HNZ,BKSPAN,-123.65702,38.97599,182.9,NCEDC
BK.SPRL.00.HNE,BKSPRL,-123.8498,40.02238,441.3,NCEDC
BK.SPRL.00.HNN,BKSPRL,-123.8498,40.02238,441.3,NCEDC
BK.SPRL.00.HNZ,BKSPRL,-123.8498,40.02238,441.3,NCEDC
BK.SUGR.00.HNE,BKSUGR,-123.74857,41.03867,1168.5,NCEDC
BK.SUGR.00.HNN,BKSUGR,-123.74857,41.03867,1168.5,NCEDC
BK.SUGR.00.HNZ,BKSUGR,-123.74857,41.03867,1168.5,NCEDC
BK.SWNM.00.HNE,BKSWNM,-121.112224,40.417068,2063.8,NCEDC
BK.SWNM.00.HNN,BKSWNM,-121.112224,40.417068,2063.8,NCEDC
BK.SWNM.00.HNZ,BKSWNM,-121.112224,40.417068,2063.8,NCEDC
BK.TESL.00.HNE,BKTESL,-121.590482,37.614855,644.6,NCEDC
BK.TESL.00.HNN,BKTESL,-121.590482,37.614855,644.6,NCEDC
BK.TESL.00.HNZ,BKTESL,-121.590482,37.614855,644.6,NCEDC
BK.THOM.00.HNE,BKTHOM,-123.077719,41.090817,1077,NCEDC
BK.THOM.00.HNN,BKTHOM,-123.077719,41.090817,1077,NCEDC
BK.THOM.00.HNZ,BKTHOM,-123.077719,41.090817,1077,NCEDC
BK.TUMY.00.HNE,BKTUMY,-120.66392,36.52392,767.2,NCEDC
BK.TUMY.00.HNN,BKTUMY,-120.66392,36.52392,767.2,NCEDC
BK.TUMY.00.HNZ,BKTUMY,-120.66392,36.52392,767.2,NCEDC
BK.UKON.00.HNE,BKUKON,-123.47601,41.58397,1394,NCEDC
BK.UKON.00.HNN,BKUKON,-123.47601,41.58397,1394,NCEDC
BK.UKON.00.HNZ,BKUKON,-123.47601,41.58397,1394,NCEDC
BK.UMUN.00.HNE,BKUMUN,-121.903434,37.158363,994.5,NCEDC
BK.UMUN.00.HNN,BKUMUN,-121.903434,37.158363,994.5,NCEDC
BK.UMUN.00.HNZ,BKUMUN,-121.903434,37.158363,994.5,NCEDC
BK.USAL.00.HNE,BKUSAL,-123.81619,39.88214,560.7,NCEDC
BK.USAL.00.HNN,BKUSAL,-123.81619,39.88214,560.7,NCEDC
BK.USAL.00.HNZ,BKUSAL,-123.81619,39.88214,560.7,NCEDC
BK.WEBR.00.HNE,BKWEBR,-120.69189,38.71769,744.2,NCEDC
BK.WEBR.00.HNN,BKWEBR,-120.69189,38.71769,744.2,NCEDC
BK.WEBR.00.HNZ,BKWEBR,-120.69189,38.71769,744.2,NCEDC
BK.WHCL.00.HNE,BKWHCL,-119.829105,36.288958,64.9,NCEDC
BK.WHCL.00.HNN,BKWHCL,-119.829105,36.288958,64.9,NCEDC
BK.WHCL.00.HNZ,BKWHCL,-119.829105,36.288958,64.9,NCEDC
BK.WLKR.00.HNE,BKWLKR,-124.32226,40.3629,274.9,NCEDC
BK.WLKR.00.HNN,BKWLKR,-124.32226,40.3629,274.9,NCEDC
BK.WLKR.00.HNZ,BKWLKR,-124.32226,40.3629,274.9,NCEDC
BK.WTWN.00.HNE,BKWTWN,-122.55616,40.60339,495,NCEDC
BK.WTWN.00.HNN,BKWTWN,-122.55616,40.60339,495,NCEDC
BK.WTWN.00.HNZ,BKWTWN,-122.55616,40.60339,495,NCEDC
NC.GCPN.00.HN2,NCGCPN,-122.744728,38.777122,832,NCEDC
NC.GCPN.00.HN3,NCGCPN,-122.744728,38.777122,832,NCEDC
NP.1662.00.HN2,NP1662,-122.2961,37.8398,3,NCEDC
NP.1662.00.HN3,NP1662,-122.2961,37.8398,3,NCEDC
NP.1745.00.HN2,NP1745,-122.169449,37.45607,16,NCEDC
NP.1745.00.HN3,NP1745,-122.169449,37.45607,16,NCEDC
NP.2320.00.HN2,NP2320,-113.01056,33.07616,215,NCEDC
NP.2320.00.HN3,NP2320,-113.01056,33.07616,215,NCEDC
NP.5331.00.HN2,NP5331,-117.25111,34.16633,489,NCEDC
NP.5331.00.HN3,NP5331,-117.25111,34.16633,489,NCEDC
NP.5504.00.HN2,NP5504,-118.3861,34.26064,332,NCEDC
NP.5504.00.HN3,NP5504,-118.3861,34.26064,332,NCEDC
NP.BCS.00.HN2,NPBCS,-122.40657,37.77729,4,NCEDC
NP.BCS.00.HN3,NPBCS,-122.40657,37.77729,4,NCEDC
NP.SFBCS.00.HN2,NPSFBCS,-122.40657,37.77729,4,NCEDC
NP.SFBCS.00.HN3,NPSFBCS,-122.40657,37.77729,4,NCEDC
SB.HEO.00.HNE,SBHEO,-121.609,36.758,20,NCEDC
SB.HEO.00.HNN,SBHEO,-121.609,36.758,20,NCEDC
SB.HEO.00.HNZ,SBHEO,-121.609,36.758,20,NCEDC
BK.BABI.00.HNE,BKBABI,-120.85301,36.51579,571.2,SCEDC
BK.BABI.00.HNN,BKBABI,-120.85301,36.51579,571.2,SCEDC
BK.BABI.00.HNZ,BKBABI,-120.85301,36.51579,571.2,SCEDC
BK.BAKR.00.HNE,BKBAKR,-122.492261,40.280351,191.2,SCEDC
BK.BAKR.00.HNN,BKBAKR,-122.492261,40.280351,191.2,SCEDC
BK.BAKR.00.HNZ,BKBAKR,-122.492261,40.280351,191.2,SCEDC
BK.BARR.00.HNE,BKBARR,-123.19748,39.30477,264.7,SCEDC
BK.BARR.00.HNN,BKBARR,-123.19748,39.30477,264.7,SCEDC
BK.BARR.00.HNZ,BKBARR,-123.19748,39.30477,264.7,SCEDC
BK.BCCR.00.HNE,BKBCCR,-121.73417,39.81856,515.8,SCEDC
BK.BCCR.00.HNN,BKBCCR,-121.73417,39.81856,515.8,SCEDC
BK.BCCR.00.HNZ,BKBCCR,-121.73417,39.81856,515.8,SCEDC
BK.BL67.00.HNE,BKBL67,-122.243179,37.87492,736.2,SCEDC
BK.BLAS.00.HNN,BKBLAS,-123.53248,40.3227,1679.3,SCEDC
BK.BLAS.00.HNZ,BKBLAS,-123.53248,40.3227,1679.3,SCEDC
BK.BLUE.00.HNE,BKBLUE,-120.36462,38.34234,1840.5,SCEDC
BK.BRAD.00.HNN,BKBRAD,-120.76114,35.92625,470,SCEDC
BK.BRAD.00.HNZ,BKBRAD,-120.76114,35.92625,470,SCEDC
BK.BUCR.00.HNZ,BKBUCR,-120.1496,37.6733,1034.01,SCEDC
BK.CGRV.00.HNE,BKCGRV,-118.66033,36.79147,1449,SCEDC
BK.DRYC.00.HNN,BKDRYC,-120.34886,41.51694,1718.2,SCEDC
BK.DRYC.00.HNZ,BKDRYC,-120.34886,41.51694,1718.2,SCEDC
BK.EAGL.00.HNE,BKEAGL,-120.72893,40.62486,1564.7,SCEDC
BK.GHOP.00.HNE,BKGHOP,-123.97797,40.30643,1028.9,SCEDC
BK.HULI.00.HNE,BKHULI,-121.23554,36.02134,342,SCEDC
BK.HULI.00.HNN,BKHULI,-121.23554,36.02134,342,SCEDC
BK.HULI.00.HNZ,BKHULI,-121.23554,36.02134,342,SCEDC
BK.JCC.00.HNZ,BKJCC,-124.029549,40.817451,27.25,SCEDC
BK.JEPS.00.HNE,BKJEPS,-121.82518,38.25789,2.6,SCEDC
BK.JEPS.00.HNZ,BKJEPS,-121.82518,38.25789,2.6,SCEDC
BK.LAND.00.HNE,BKLAND,-121.58752,36.05864,164.9,SCEDC
BK.LAND.00.HNN,BKLAND,-121.58752,36.05864,164.9,SCEDC
BK.LAND.00.HNZ,BKLAND,-121.58752,36.05864,164.9,SCEDC
BK.LEGD.00.HNZ,BKLEGD,-120.14916,37.21426,89.6652,SCEDC
BK.MERC.00.HNE,BKMERC,-120.45944,37.3889,65,SCEDC
BK.MERC.00.HNN,BKMERC,-120.45944,37.3889,65,SCEDC
BK.MERC.00.HNZ,BKMERC,-120.45944,37.3889,65,SCEDC
BK.MMI.00.HNE,BKMMI,-119.74378,37.41964,1307.7,SCEDC
BK.MMI.00.HNN,BKMMI,-119.74378,37.41964,1307.7,SCEDC
BK.MMI.00.HNZ,BKMMI,-119.74378,37.41964,1307.7,SCEDC
BK.MNDO.00.HNE,BKMNDO,-123.74511,39.31418,179.4,SCEDC
BK.MNDO.00.HNN,BKMNDO,-123.74511,39.31418,179.4,SCEDC
BK.MNDO.00.HNZ,BKMNDO,-123.74511,39.31418,179.4,SCEDC
BK.MNRC.00.HNE,BKMNRC,-122.442772,38.878738,709.9,SCEDC
BK.MZTA.00.HNZ,BKMZTA,-120.80101,41.27792,2139.8,SCEDC
BK.PETY.00.HNE,BKPETY,-122.7884,40.1766,962,SCEDC
BK.PETY.00.HNN,BKPETY,-122.7884,40.1766,962,SCEDC
BK.PETY.00.HNZ,BKPETY,-122.7884,40.1766,962,SCEDC
BK.PKD.00.HNE,BKPKD,-120.541603,35.945171,583,SCEDC
BK.QRDG.00.HNE,BKQRDG,-122.14485,38.48086,361,SCEDC
BK.QRDG.00.HNN,BKQRDG,-122.14485,38.48086,361,SCEDC
BK.QRDG.00.HNZ,BKQRDG,-122.14485,38.48086,361,SCEDC
BK.RIMR.00.HNE,BKRIMR,-120.592957,41.821211,1579.4,SCEDC
BK.RIMR.00.HNN,BKRIMR,-120.592957,41.821211,1579.4,SCEDC
BK.RIMR.00.HNZ,BKRIMR,-120.592957,41.821211,1579.4,SCEDC
BK.RUSS.00.HNE,BKRUSS,-121.86743,38.54465,28.6,SCEDC
BK.RUSS.00.HNN,BKRUSS,-121.86743,38.54465,28.6,SCEDC
BK.RUSS.00.HNZ,BKRUSS,-121.86743,38.54465,28.6,SCEDC
BK.RVIT.00.HNE,BKRVIT,-123.37859,39.90629,781.8,SCEDC
BK.RVIT.00.HNN,BKRVIT,-123.37859,39.90629,781.8,SCEDC
BK.RVIT.00.HNZ,BKRVIT,-123.37859,39.90629,781.8,SCEDC
BK.SAGE.00.HNE,BKSAGE,-122.03895,40.79458,758,SCEDC
BK.SAGE.00.HNN,BKSAGE,-122.03895,40.79458,758,SCEDC
BK.SAGE.00.HNZ,BKSAGE,-122.03895,40.79458,758,SCEDC
BK.SFRE.00.HNE,BKSFRE,-121.32278,39.25655,280.8,SCEDC
BK.SFRE.00.HNN,BKSFRE,-121.32278,39.25655,280.8,SCEDC
BK.SFRE.00.HNZ,BKSFRE,-121.32278,39.25655,280.8,SCEDC
BK.SHWD.00.HNE,BKSHWD,-123.494942,39.511871,852.1,SCEDC
BK.SHWD.00.HNN,BKSHWD,-123.494942,39.511871,852.1,SCEDC
BK.SHWD.00.HNZ,BKSHWD,-123.494942,39.511871,852.1,SCEDC
BK.SIGP.00.HNE,BKSIGP,-124.06781,41.87266,544.6,SCEDC
BK.SIGP.00.HNN,BKSIGP,-124.06781,41.87266,544.6,SCEDC
BK.SIGP.00.HNZ,BKSIGP,-124.06781,41.87266,544.6,SCEDC
BK.SKGS.00.HNE,BKSKGS,-123.078424,38.688996,640.4,SCEDC
BK.SKGS.00.HNN,BKSKGS,-123.078424,38.688996,640.4,SCEDC
BK.SKGS.00.HNZ,BKSKGS,-123.078424,38.688996,640.4,SCEDC
BK.TCHL.00.HNE,BKTCHL,-120.400917,35.688122,431,SCEDC
BK.THIS.00.HNE,BKTHIS,-120.228447,35.724049,643,SCEDC
BK.TULE.00.HNE,BKTULE,-121.46731,41.9647,1231.1,SCEDC
BK.TWIT.00.HNE,BKTWIT,-121.68321,38.09712,-3,SCEDC
BK.TWIT.00.HNN,BKTWIT,-121.68321,38.09712,-3,SCEDC
BK.WEAV.00.HNE,BKWEAV,-122.98404,40.74575,1066.8,SCEDC
BK.WEAV.00.HNN,BKWEAV,-122.98404,40.74575,1066.8,SCEDC
BK.WENL.00.HNE,BKWENL,-121.756973,37.622108,138.9,SCEDC
BK.YBH.00.HNZ,BKYBH,-122.710388,41.73204,1059.69995,SCEDC
BK.YUBA.00.HNE,BKYUBA,-120.53722,39.33756,2370.9,SCEDC
BK.YUBA.00.HNN,BKYUBA,-120.53722,39.33756,2370.9,SCEDC
BK.YUBA.00.HNZ,BKYUBA,-120.53722,39.33756,2370.9,SCEDC
CI.CFS.00.HNE,CICFS,-117.28287,34.10539,312,SCEDC
CI.CFS.00.HNN,CICFS,-117.28287,34.10539,312,SCEDC
CI.CFS.00.HNZ,CICFS,-117.28287,34.10539,312,SCEDC
CI.LBW1.00.HNE,CILBW1,-118.08837,33.798,-16.28,SCEDC
CI.LBW1.00.HNN,CILBW1,-118.08837,33.798,-16.28,SCEDC
CI.LBW1.00.HNZ,CILBW1,-118.08837,33.798,-16.28,SCEDC
CI.MIS.00.HNE,CIMIS,-118.33517,33.7403,299,SCEDC
CI.MIS.00.HNN,CIMIS,-118.33517,33.7403,299,SCEDC
CI.MIS.00.HNZ,CIMIS,-118.33517,33.7403,299,SCEDC
CI.PASC.00.HNE,CIPASC,-118.18523,34.17141,341,SCEDC
CI.PASC.00.HNN,CIPASC,-118.18523,34.17141,341,SCEDC
CI.PASC.00.HNZ,CIPASC,-118.18523,34.17141,341,SCEDC
CI.USB.00.HNE,CIUSB,-119.8427,34.413,14,SCEDC
CI.USB.00.HNN,CIUSB,-119.8427,34.413,14,SCEDC
CI.USB.00.HNZ,CIUSB,-119.8427,34.413,14,SCEDC
CI.WNS.00.HNE,CIWNS,-118.38,34.115,306.1,SCEDC
CI.WNS.00.HNN,CIWNS,-118.38,34.115,306.1,SCEDC
CI.WNS.00.HNZ,CIWNS,-118.38,34.115,306.1,SCEDC
GS.CA07.00.HNZ,GSCA07,-117.35803,35.79059,505.6,SCEDC
GS.CA08.00.HNZ,GSCA08,-117.3756,35.7692,509.7,SCEDC
GS.CA09.00.HNZ,GSCA09,-117.67235,35.62155,699.4,SCEDC
GS.CA10.00.HNZ,GSCA10,-117.66743,35.56736,835.9,SCEDC
II.7019.00.HNE,II7019,-115.506174,32.63892,3,SCEDC
II.7019.00.HNN,II7019,-115.506174,32.63892,3,SCEDC
II.7019.00.HNZ,II7019,-115.506174,32.63892,3,SCEDC
II.7160.00.HNE,II7160,-114.995822,32.188059,16,SCEDC
II.7160.00.HNN,II7160,-114.995822,32.188059,16,SCEDC
II.7160.00.HNZ,II7160,-114.995822,32.188059,16,SCEDC
II.7161.00.HNE,II7161,-115.382354,32.614956,16,SCEDC
II.7161.00.HNN,II7161,-115.382354,32.614956,16,SCEDC
II.7161.00.HNZ,II7161,-115.382354,32.614956,16,SCEDC
II.7162.00.HNE,II7162,-115.450169,32.568737,2,SCEDC
II.7162.00.HNN,II7162,-115.450169,32.568737,2,SCEDC
II.7162.00.HNZ,II7162,-115.450169,32.568737,2,SCEDC
II.7163.00.HNE,II7163,-115.249408,32.317639,13,SCEDC
II.7163.00.HNN,II7163,-115.249408,32.317639,13,SCEDC
II.7163.00.HNZ,II7163,-115.249408,32.317639,13,SCEDC
II.7164.00.HNE,II7164,-115.196125,32.407995,12,SCEDC
II.7164.00.HNN,II7164,-115.196125,32.407995,12,SCEDC
II.7164.00.HNZ,II7164,-115.196125,32.407995,12,SCEDC
II.7167.00.HNE,II7167,-115.076161,32.3028715,14,SCEDC
II.7167.00.HNN,II7167,-115.076161,32.3028715,14,SCEDC
II.7167.00.HNZ,II7167,-115.076161,32.3028715,14,SCEDC
II.7169.00.HNE,II7169,-115.453438,32.66253,4,SCEDC
II.7169.00.HNN,II7169,-115.453438,32.66253,4,SCEDC
II.7169.00.HNZ,II7169,-115.453438,32.66253,4,SCEDC
II.7359.00.HNE,II7359,-115.445009,32.631314,5,SCEDC
II.7359.00.HNN,II7359,-115.445009,32.631314,5,SCEDC
II.7359.00.HNZ,II7359,-115.445009,32.631314,5,SCEDC
II.7362.00.HNE,II7362,-115.450536,32.609239,-2,SCEDC
II.7362.00.HNN,II7362,-115.450536,32.609239,-2,SCEDC
II.7362.00.HNZ,II7362,-115.450536,32.609239,-2,SCEDC
NC.GCPN.00.HNZ,NCGCPN,-122.744728,38.777122,832,SCEDC
NP.1042.00.HNE,NP1042,-119.42848,35.0402,396,SCEDC
NP.1042.00.HNN,NP1042,-119.42848,35.0402,396,SCEDC
NP.1042.00.HNZ,NP1042,-119.42848,35.0402,396,SCEDC
NP.1043.00.HNE,NP1043,-119.40056,35.07845,244,SCEDC
NP.1043.00.HNN,NP1043,-119.40056,35.07845,244,SCEDC
NP.1043.00.HNZ,NP1043,-119.40056,35.07845,244,SCEDC
NP.1044.00.HNE,NP1044,-119.36862,35.13082,165,SCEDC
NP.1044.00.HNN,NP1044,-119.36862,35.13082,165,SCEDC
NP.1044.00.HNZ,NP1044,-119.36862,35.13082,165,SCEDC
NP.1661.00.HNE,NP1661,-118.81273,37.54929,2466,SCEDC
NP.1661.00.HNN,NP1661,-118.81273,37.54929,2466,SCEDC
NP.1661.00.HNZ,NP1661,-118.81273,37.54929,2466,SCEDC
NP.1662.00.HNZ,NP1662,-122.2961,37.8398,3,SCEDC
NP.1745.00.HNZ,NP1745,-122.169449,37.45607,16,SCEDC
NP.2320.00.HNZ,NP2320,-113.01056,33.07616,215,SCEDC
NP.286.00.HNE,NP286,-115.8243,32.95477,218,SCEDC
NP.286.00.HNN,NP286,-115.8243,32.95477,218,SCEDC
NP.286.00.HNZ,NP286,-115.8243,32.95477,227,SCEDC
NP.5210.00.HNE,NP5210,-115.5303,33.0967,-57,SCEDC
NP.5210.00.HNN,NP5210,-115.5303,33.0967,-57,SCEDC
NP.5210.00.HNZ,NP5210,-115.5303,33.0967,-57,SCEDC
NP.5331.00.HNZ,NP5331,-117.25111,34.16633,489,SCEDC
NP.5441.00.HNE,NP5441,-117.12765,33.93365,519,SCEDC
NP.5441.00.HNN,NP5441,-117.12765,33.93365,519,SCEDC
NP.5441.00.HNZ,NP5441,-117.12765,33.93365,519,SCEDC
NP.5504.00.HNZ,NP5504,-118.3861,34.26064,332,SCEDC
NP.8016.00.HNE,NP8016,-149.86307,61.1926,33.4,SCEDC
NP.8016.00.HNN,NP8016,-149.86307,61.1926,33.4,SCEDC
NP.8016.00.HNZ,NP8016,-149.86307,61.1926,33.4,SCEDC
NP.BCS.00.HNZ,NPBCS,-122.40657,37.77729,4,SCEDC
NP.LVA1.00.HNE,NPLVA1,-121.76467,38.033445,-1.5,SCEDC
NP.LVA1.00.HNN,NPLVA1,-121.76467,38.033445,-1.5,SCEDC
NP.LVA1.00.HNZ,NPLVA1,-121.76467,38.033445,-1.5,SCEDC
NP.LVA2.00.HNE,NPLVA2,-121.763527,38.033222,-1.5,SCEDC
NP.LVA2.00.HNN,NPLVA2,-121.763527,38.033222,-1.5,SCEDC
NP.LVA2.00.HNZ,NPLVA2,-121.763527,38.033222,-1.5,SCEDC
NP.LVA3.00.HNE,NPLVA3,-121.763138,38.032779,1.2,SCEDC
NP.LVA3.00.HNN,NPLVA3,-121.763138,38.032779,1.2,SCEDC
NP.LVA3.00.HNZ,NPLVA3,-121.763138,38.032779,1.2,SCEDC
NP.LVB1.00.HNE,NPLVB1,-121.56539,37.90989,3.5,SCEDC
NP.LVB1.00.HNN,NPLVB1,-121.56539,37.90989,3.5,SCEDC
NP.LVB1.00.HNZ,NPLVB1,-121.56539,37.90989,3.5,SCEDC
NP.LVB2.00.HNE,NPLVB2,-121.5656,37.90982,3.7,SCEDC
NP.LVB2.00.HNN,NPLVB2,-121.5656,37.90982,3.7,SCEDC
NP.LVB2.00.HNZ,NPLVB2,-121.5656,37.90982,3.7,SCEDC
NP.LVB3.00.HNE,NPLVB3,-121.56485,37.91019,3.4,SCEDC
NP.LVB3.00.HNN,NPLVB3,-121.56485,37.91019,3.4,SCEDC
NP.LVB3.00.HNZ,NPLVB3,-121.56485,37.91019,3.4,SCEDC
NP.LVB4.00.HNE,NPLVB4,-121.56558,37.90968,3.2,SCEDC
NP.LVB4.00.HNN,NPLVB4,-121.56558,37.90968,3.2,SCEDC
NP.LVB4.00.HNZ,NPLVB4,-121.56558,37.90968,3.2,SCEDC
NP.SFBCS.00.HNZ,NPSFBCS,-122.40657,37.77729,4,SCEDC
NP.TWIT2.00.HNE,NPTWIT2,-121.677278,38.095333,0,SCEDC
NP.TWIT2.00.HNN,NPTWIT2,-121.677278,38.095333,0,SCEDC
NP.TWIT2.00.HNZ,NPTWIT2,-121.677278,38.095333,0,SCEDC
SB.BVDA.00.HNE,SBBVDA,-116.367142,33.326729,232,SCEDC
SB.BVDA.00.HNN,SBBVDA,-116.367142,33.326729,232,SCEDC
SB.BVDA.00.HNZ,SBBVDA,-116.367142,33.326729,232,SCEDC
SB.CPSLO.00.HNE,SBCPSLO,-120.66716,35.302109,88.1,SCEDC
SB.CPSLO.00.HNN,SBCPSLO,-120.66716,35.302109,88.1,SCEDC
SB.CPSLO.00.HNZ,SBCPSLO,-120.66716,35.302109,88.1,SCEDC
SB.GVDA.00.HNE,SBGVDA,-116.673798,33.6689,1341,SCEDC
SB.GVDA.00.HNN,SBGVDA,-116.673798,33.6689,1341,SCEDC
SB.GVDA.00.HNZ,SBGVDA,-116.673798,33.6689,1341,SCEDC
SB.WLA.00.HNE,SBWLA,-115.530602,33.097599,-61.5,SCEDC
SB.WLA.00.HNN,SBWLA,-115.530602,33.097599,-61.5,SCEDC
SB.WLA.00.HNZ,SBWLA,-115.530602,33.097599,-61.5,SCEDC
WR.STNI.00.HNE,WRSTNI,-121.540149,38.119688,2.8,SCEDC
WR.STNI.00.HNN,WRSTNI,-121.540149,38.119688,2.8,SCEDC
WR.STNI.00.HNZ,WRSTNI,-121.540149,38.119688,2.8,SCEDC
WR.THER.00.HNE,WRTHER,-121.688221,39.484103,36.7,SCEDC
WR.THER.00.HNN,WRTHER,-121.688221,39.484103,36.7,SCEDC
WR.THER.00.HNZ,WRTHER,-121.688221,39.484103,36.7,SCEDC
